{"d":21,"h":1080,"w":1920,"k":{"rotation":[[0,0,2,[0.33333,0,0.66667,1]],[0.09524,180,0]]}}